region	rep	q	k	h2	rho	name	gamma	sim_hash	sim_id	seed
chr1_100794065_101983457	1	1	0.01	0.5	0.005	main	0.0025	724ff87b807f8e095d7da006c72ceef8	724ff	468223
chr1_100794065_101983457	1	1	0.01	0.5	0.01	main	0.005	0590813e2a99fa14b52774c3b9e7241b	05908	22792
chr1_100794065_101983457	1	1	0.01	0.5	0.02	main	0.01	8b0852667434fb096be9280848e631a5	8b085	569477
chr1_100794065_101983457	1	1	0.01	0.5	0.04	main	0.02	0950e65e5a30c5628fc7caacbba34f6e	0950e	38158
chr1_100794065_101983457	1	1	0.01	0.5	0.1	main	0.05	88def50ef5e24534b8199295ecb47393	88def	560623
chr1_100794065_101983457	1	1	0.05	0.5	0.005	main	0.0025	257940a4c5d53d946887fe9de3aaa847	25794	153492
chr1_100794065_101983457	1	1	0.05	0.5	0.01	main	0.005	9351d924bd5596069d02aa56bc24f15a	9351d	603421
chr1_100794065_101983457	1	1	0.05	0.5	0.02	main	0.01	8b086b8accb19c275b0567e971699fee	8b086	569478
chr1_100794065_101983457	1	1	0.05	0.5	0.04	main	0.02	49c1b53050f1ad7c62be9042f8071b30	49c1b	302107
chr1_100794065_101983457	1	1	0.05	0.5	0.1	main	0.05	37606af86f25f905f8a17f24fd4316b1	37606	226822
chr1_100794065_101983457	1	1	0.1	0.5	0.005	main	0.0025	453b0cbbbc0b61716801dcf2d1fc29d8	453b0	283568
chr1_100794065_101983457	1	1	0.1	0.5	0.01	main	0.005	f61a9b061f62bb528578375432abe456	f61a9	1008041
chr1_100794065_101983457	1	1	0.1	0.5	0.02	main	0.01	075d15a66140b03ff71c2ceab43a7b5e	075d1	30161
chr1_100794065_101983457	1	1	0.1	0.5	0.04	main	0.02	8f22fbca81d634d01f3c65093ad3102e	8f22f	586287
chr1_100794065_101983457	1	1	0.1	0.5	0.1	main	0.05	0145f0b0da454f2c252575c742fae38f	0145f	5215
chr1_100794065_101983457	1	1	0.2	0.5	0.005	main	0.0025	1d3ce287c492815a465c188a074cf1e9	1d3ce	119758
chr1_100794065_101983457	1	1	0.2	0.5	0.01	main	0.005	df7f1b2b3c3cf89d764f8244f5d71f95	df7f1	915441
chr1_100794065_101983457	1	1	0.2	0.5	0.02	main	0.01	e1ba79bd141b2b9d5be22010d063ed8a	e1ba7	924583
chr1_100794065_101983457	1	1	0.2	0.5	0.04	main	0.02	6cd7d7b2dbd122321d938edd0c952d82	6cd7d	445821
chr1_100794065_101983457	1	1	0.2	0.5	0.1	main	0.05	b693a35a547c57953bd6370ca65518ce	b693a	747834
chr1_100794065_101983457	1	2	0.01	0.5	0.005	main	0.0025	7a64db0ec323a677b4ce96062fac61b4	7a64d	501325
chr1_100794065_101983457	1	2	0.01	0.5	0.01	main	0.005	bba7cec7006489ae1ed5fb75bf4f5185	bba7c	768636
chr1_100794065_101983457	1	2	0.01	0.5	0.02	main	0.01	cdae04ecbe439984ab4172dec77c79ba	cdae0	842464
chr1_100794065_101983457	1	2	0.01	0.5	0.04	main	0.02	552a080d0f815b4058ed630f65cd7f94	552a0	348832
chr1_100794065_101983457	1	2	0.01	0.5	0.1	main	0.05	b6e48b7685431a670b6fdad2288a92ef	b6e48	749128
chr1_100794065_101983457	1	2	0.05	0.5	0.005	main	0.0025	e5c7c66e69fb11441979a7813fc0bdb1	e5c7c	941180
chr1_100794065_101983457	1	2	0.05	0.5	0.01	main	0.005	1d339be0681a76ba8b25e6c006dd27fc	1d339	119609
chr1_100794065_101983457	1	2	0.05	0.5	0.02	main	0.01	127a343023ffd53c6e3976f0a5758d7f	127a3	75683
chr1_100794065_101983457	1	2	0.05	0.5	0.04	main	0.02	5a8f13d899cb47cd0676a3b3a0a02b0f	5a8f1	370929
chr1_100794065_101983457	1	2	0.05	0.5	0.1	main	0.05	bf6cc0387f2fa08b75688cab8694a551	bf6cc	784076
chr1_100794065_101983457	1	2	0.1	0.5	0.005	main	0.0025	0b38d9581c0fc8cee8332318cdc72f89	0b38d	45965
chr1_100794065_101983457	1	2	0.1	0.5	0.01	main	0.005	13d785bd0056071b46669d9fedb66ec8	13d78	81272
chr1_100794065_101983457	1	2	0.1	0.5	0.02	main	0.01	a6e58231b691d61b38fcee74d1544bad	a6e58	683608
chr1_100794065_101983457	1	2	0.1	0.5	0.04	main	0.02	9124b42de40ccd3e4b92ac1c6e34fa04	9124b	594507
chr1_100794065_101983457	1	2	0.1	0.5	0.1	main	0.05	3f8d50050cfd7e2406a99567e73342ff	3f8d5	260309
chr1_100794065_101983457	1	2	0.2	0.5	0.005	main	0.0025	34a72483e1a4a5ab1c728b4be9161388	34a72	215666
chr1_100794065_101983457	1	2	0.2	0.5	0.01	main	0.005	f7708a9b0db952c836323fc94cb413af	f7708	1013512
chr1_100794065_101983457	1	2	0.2	0.5	0.02	main	0.01	0f981d06356237037299af04e7886295	0f981	63873
chr1_100794065_101983457	1	2	0.2	0.5	0.04	main	0.02	ec74285f562974d215fe02e6426a2d70	ec742	968514
chr1_100794065_101983457	1	2	0.2	0.5	0.1	main	0.05	34567ca3813796332618ef00a83eb1a8	34567	214375
chr1_100794065_101983457	1	3	0.01	0.5	0.005	main	0.0025	3301056853041cda10e11816e57c87e4	33010	208912
chr1_100794065_101983457	1	3	0.01	0.5	0.01	main	0.005	3ae1fb1e9a41c7cc9fd726bde17e98bd	3ae1f	241183
chr1_100794065_101983457	1	3	0.01	0.5	0.02	main	0.01	16b61d3709dbfbe2d6959153a1c40078	16b61	93025
chr1_100794065_101983457	1	3	0.01	0.5	0.04	main	0.02	840f51dbe1c8b28c04c07abf578fb7c1	840f5	540917
chr1_100794065_101983457	1	3	0.01	0.5	0.1	main	0.05	cb1f2b649eb46c9f8f78f701ade06c5b	cb1f2	831986
chr1_100794065_101983457	1	3	0.05	0.5	0.005	main	0.0025	8dda01f4f9c236131a91db743f4c3e7e	8dda0	581024
chr1_100794065_101983457	1	3	0.05	0.5	0.01	main	0.005	b063fbdd61c0a8d5dcc093c4bcd8b680	b063f	722495
chr1_100794065_101983457	1	3	0.05	0.5	0.02	main	0.01	e8dca5fa43a33747f765d5097c32d8d8	e8dca	953802
chr1_100794065_101983457	1	3	0.05	0.5	0.04	main	0.02	e81a860f5b1ed81ab8a7fd085ef992ca	e81a8	950696
chr1_100794065_101983457	1	3	0.05	0.5	0.1	main	0.05	50e1d4b14a164ebf88ec496ce1f66565	50e1d	331293
chr1_100794065_101983457	1	3	0.1	0.5	0.005	main	0.0025	74e07f843d04d127f5a66914c288a7c5	74e07	478727
chr1_100794065_101983457	1	3	0.1	0.5	0.01	main	0.005	92f041c0c3c17f7e033769ad36dac52e	92f04	601860
chr1_100794065_101983457	1	3	0.1	0.5	0.02	main	0.01	480e6ab5b54fae070a07adf787e272af	480e6	295142
chr1_100794065_101983457	1	3	0.1	0.5	0.04	main	0.02	9b3b6beeb19a045d4d6352f9d7e84d40	9b3b6	635830
chr1_100794065_101983457	1	3	0.1	0.5	0.1	main	0.05	616e1d01a1cd4d40fb9dfa01a180a409	616e1	399073
chr1_100794065_101983457	1	3	0.2	0.5	0.005	main	0.0025	3bc5040b306593e702f6ad10cce5e1cc	3bc50	244816
chr1_100794065_101983457	1	3	0.2	0.5	0.01	main	0.005	2a121f824bdf69ae3ef368b40f781831	2a121	172321
chr1_100794065_101983457	1	3	0.2	0.5	0.02	main	0.01	1779a5341e08edbb6a06ee058e09fd8c	1779a	96154
chr1_100794065_101983457	1	3	0.2	0.5	0.04	main	0.02	afd05ddaa1e66c86574dd0830ee5ee0b	afd05	720133
chr1_100794065_101983457	1	3	0.2	0.5	0.1	main	0.05	72cd29fc3bf09e6fd677c8bf9d212031	72cd2	470226
chr1_100794065_101983457	2	1	0.01	0.5	0.005	main	0.0025	856aa69ebcbf1e6ac7ccf60cfb18dbc6	856aa	546474
chr1_100794065_101983457	2	1	0.01	0.5	0.01	main	0.005	db787ed1f17ab1e5b8184d62887523f5	db787	898951
chr1_100794065_101983457	2	1	0.01	0.5	0.02	main	0.01	dca03ccd425204ceaf957bae428d8588	dca03	903683
chr1_100794065_101983457	2	1	0.01	0.5	0.04	main	0.02	079791ccb6ed329bd36ac484020d59df	07979	31097
chr1_100794065_101983457	2	1	0.01	0.5	0.1	main	0.05	a9f5bdef0cb84d6715daa778cdcc779b	a9f5b	696155
chr1_100794065_101983457	2	1	0.05	0.5	0.005	main	0.0025	bc5343624f4a40d1e90e09f4540cefc6	bc534	771380
chr1_100794065_101983457	2	1	0.05	0.5	0.01	main	0.005	14c0182fff855e32e624d644f04ac9ef	14c01	84993
chr1_100794065_101983457	2	1	0.05	0.5	0.02	main	0.01	4ab67e60dd5c31c85aec729f9ff39461	4ab67	306023
chr1_100794065_101983457	2	1	0.05	0.5	0.04	main	0.02	46c96486120d6be1ce00fc2142bbf938	46c96	289942
chr1_100794065_101983457	2	1	0.05	0.5	0.1	main	0.05	5d824ca25198bc3e4acd61002d8c86ac	5d824	383012
chr1_100794065_101983457	2	1	0.1	0.5	0.005	main	0.0025	b6d5383e020308328097b95285208e61	b6d53	748883
chr1_100794065_101983457	2	1	0.1	0.5	0.01	main	0.005	7564546b8d210f6184c9a36ea0ce8f05	75645	480837
chr1_100794065_101983457	2	1	0.1	0.5	0.02	main	0.01	58777e0c3b8e8dd1e473bf1d27b293e6	58777	362359
chr1_100794065_101983457	2	1	0.1	0.5	0.04	main	0.02	71cf310142ea8071993c41cb85c91c6d	71cf3	466163
chr1_100794065_101983457	2	1	0.1	0.5	0.1	main	0.05	aab3870fb3044ad8ed58a28c412c47ad	aab38	699192
chr1_100794065_101983457	2	1	0.2	0.5	0.005	main	0.0025	9d1d644d2c01f8458885a8da77c73f80	9d1d6	643542
chr1_100794065_101983457	2	1	0.2	0.5	0.01	main	0.005	cf7d4eb8eb23be16c3b84e96ebec93fe	cf7d4	849876
chr1_100794065_101983457	2	1	0.2	0.5	0.02	main	0.01	fa323ffa54bb001470d6c211fbd2a3fb	fa323	1024803
chr1_100794065_101983457	2	1	0.2	0.5	0.04	main	0.02	72f624fd22bff03af18e2293b6739404	72f62	470882
chr1_100794065_101983457	2	1	0.2	0.5	0.1	main	0.05	ac286695689b6c2548bd5b1fcb1f1fc8	ac286	705158
chr1_100794065_101983457	2	2	0.01	0.5	0.005	main	0.0025	00843fbe21c75bf8aa9c343130214d0e	00843	2115
chr1_100794065_101983457	2	2	0.01	0.5	0.01	main	0.005	8a3cf3584566ba797e866d24e772f8cd	8a3cf	566223
chr1_100794065_101983457	2	2	0.01	0.5	0.02	main	0.01	8c5959ce3afed12c44992ebe45335911	8c595	574869
chr1_100794065_101983457	2	2	0.01	0.5	0.04	main	0.02	ab2098167d551fd80de2eecbf3a372ff	ab209	700937
chr1_100794065_101983457	2	2	0.01	0.5	0.1	main	0.05	52983abd26126389a19b7644b2beb682	52983	338307
chr1_100794065_101983457	2	2	0.05	0.5	0.005	main	0.0025	310848f8bf8b9c330fb5a54e27638d84	31084	200836
chr1_100794065_101983457	2	2	0.05	0.5	0.01	main	0.005	6d07b605b64c0b64060a2f8201f76f2d	6d07b	446587
chr1_100794065_101983457	2	2	0.05	0.5	0.02	main	0.01	9854fd01b14208d6704ed29248302fe7	9854f	623951
chr1_100794065_101983457	2	2	0.05	0.5	0.04	main	0.02	33e3bdc097f21bc23d95e7887100fc5e	33e3b	212539
chr1_100794065_101983457	2	2	0.05	0.5	0.1	main	0.05	1dfdaef4e33620000fa96763d4baa448	1dfda	122842
chr1_100794065_101983457	2	2	0.1	0.5	0.005	main	0.0025	02627baf925a63c85b7bdf8b536cac89	02627	9767
chr1_100794065_101983457	2	2	0.1	0.5	0.01	main	0.005	7c1250d935707c74a62d0b2bcee2391b	7c125	508197
chr1_100794065_101983457	2	2	0.1	0.5	0.02	main	0.01	2069f125a7b37ae12393411e59d285d0	2069f	132767
chr1_100794065_101983457	2	2	0.1	0.5	0.04	main	0.02	52c03df67af4833669c0e714876fd675	52c03	338947
chr1_100794065_101983457	2	2	0.1	0.5	0.1	main	0.05	1bb00076b00e85e825965c68edde7830	1bb00	113408
chr1_100794065_101983457	2	2	0.2	0.5	0.005	main	0.0025	567ebb5aa214a4ac5f8f9816c3a228de	567eb	354283
chr1_100794065_101983457	2	2	0.2	0.5	0.01	main	0.005	638cbe54732ab21e40e5cb640b629703	638cb	407755
chr1_100794065_101983457	2	2	0.2	0.5	0.02	main	0.01	b5534595cca6b1e3c1ff1e6eb50dc3f1	b5534	742708
chr1_100794065_101983457	2	2	0.2	0.5	0.04	main	0.02	2adc0bc7bb40da62e1839b5a8e3d0faa	2adc0	175552
chr1_100794065_101983457	2	2	0.2	0.5	0.1	main	0.05	0c2c04fea8f0a25d1a680dc503ef6a1d	0c2c0	49856
chr1_100794065_101983457	2	3	0.01	0.5	0.005	main	0.0025	d642722947182d3724f065d938fb47f9	d6427	877607
chr1_100794065_101983457	2	3	0.01	0.5	0.01	main	0.005	fbfdb67252ea8d95e7739acf7c8da2f6	fbfdb	1032155
chr1_100794065_101983457	2	3	0.01	0.5	0.02	main	0.01	e54ce73a1a266a10c95ebd7df21bab58	e54ce	939214
chr1_100794065_101983457	2	3	0.01	0.5	0.04	main	0.02	57df5079266b18d26fbb5f1928ae8f45	57df5	359925
chr1_100794065_101983457	2	3	0.01	0.5	0.1	main	0.05	a7d101751870072888a8084ef2c71b7a	a7d10	687376
chr1_100794065_101983457	2	3	0.05	0.5	0.005	main	0.0025	ca61ce027a1d5bfd729dafb93f2ac63e	ca61c	828956
chr1_100794065_101983457	2	3	0.05	0.5	0.01	main	0.005	22f5185329478f9ef7048d4bedf33924	22f51	143185
chr1_100794065_101983457	2	3	0.05	0.5	0.02	main	0.01	4abc3ea96c3f48dfe1bf4d7253f592c5	4abc3	306115
chr1_100794065_101983457	2	3	0.05	0.5	0.04	main	0.02	c94a147c775aa582988c1cd84ffcaaac	c94a1	824481
chr1_100794065_101983457	2	3	0.05	0.5	0.1	main	0.05	e55cf394fa8ce25255703b9f23f6cd37	e55cf	939471
chr1_100794065_101983457	2	3	0.1	0.5	0.005	main	0.0025	d5864a688a17bd0c70abeb1d1c8d1eb6	d5864	874596
chr1_100794065_101983457	2	3	0.1	0.5	0.01	main	0.005	c9a3ad7f40117edeaac1de7be68c52c6	c9a3a	825914
chr1_100794065_101983457	2	3	0.1	0.5	0.02	main	0.01	5f59afeebc05d00c424b652294955e97	5f59a	390554
chr1_100794065_101983457	2	3	0.1	0.5	0.04	main	0.02	a03f7db3ce4c867c0c6fcca01d05a61a	a03f7	656375
chr1_100794065_101983457	2	3	0.1	0.5	0.1	main	0.05	95e2b93569c045d5449f6310930c5123	95e2b	613931
chr1_100794065_101983457	2	3	0.2	0.5	0.005	main	0.0025	74c15ac2b35d1af6d8272f3b6619b55e	74c15	478229
chr1_100794065_101983457	2	3	0.2	0.5	0.01	main	0.005	9028e59cbb352fb178f5e2fc520bc4d0	9028e	590478
chr1_100794065_101983457	2	3	0.2	0.5	0.02	main	0.01	8286f5072986ac1d6c98e0c9ba12f848	8286f	534639
chr1_100794065_101983457	2	3	0.2	0.5	0.04	main	0.02	0ea7249176e1721aff942527444d1507	0ea72	60018
chr1_100794065_101983457	2	3	0.2	0.5	0.1	main	0.05	ead87269137e783e83b0c1d13a746784	ead87	961927
chr1_100794065_101983457	3	1	0.01	0.5	0.005	main	0.0025	222e53abd00f85a7038c595d7e9c90ca	222e5	140005
chr1_100794065_101983457	3	1	0.01	0.5	0.01	main	0.005	c2695e7a4354cec676cae97c0bdf4a83	c2695	796309
chr1_100794065_101983457	3	1	0.01	0.5	0.02	main	0.01	e728392e01ceb535b3e1fe2785f6948e	e7283	946819
chr1_100794065_101983457	3	1	0.01	0.5	0.04	main	0.02	8dd5321ef83dbafa1ea542b2a8b18434	8dd53	580947
chr1_100794065_101983457	3	1	0.01	0.5	0.1	main	0.05	2a06ac705c5105438bfd21ee35aa7c21	2a06a	172138
chr1_100794065_101983457	3	1	0.05	0.5	0.005	main	0.0025	e7e68174e42a55eef53ca62068090e11	e7e68	949864
chr1_100794065_101983457	3	1	0.05	0.5	0.01	main	0.005	9e578b6da47a979cfc0a046624f67050	9e578	648568
chr1_100794065_101983457	3	1	0.05	0.5	0.02	main	0.01	6b4d190e11ad6d1645bb082eecfc79a7	6b4d1	439505
chr1_100794065_101983457	3	1	0.05	0.5	0.04	main	0.02	fb15ddc2ba1fb69d5c126c880f96ef10	fb15d	1028445
chr1_100794065_101983457	3	1	0.05	0.5	0.1	main	0.05	46f7f761990bc82f9d40c16be825a40e	46f7f	290687
chr1_100794065_101983457	3	1	0.1	0.5	0.005	main	0.0025	94cfdf58dcaef019aca2c5ff54eab12d	94cfd	609533
chr1_100794065_101983457	3	1	0.1	0.5	0.01	main	0.005	e83168ca097e2c167fea9af99f8e9fbe	e8316	951062
chr1_100794065_101983457	3	1	0.1	0.5	0.02	main	0.01	a4ed2dcac8a89f5a361e164f34af096d	a4ed2	675538
chr1_100794065_101983457	3	1	0.1	0.5	0.04	main	0.02	abddb702048a78315004633a104fd06e	abddb	703963
chr1_100794065_101983457	3	1	0.1	0.5	0.1	main	0.05	95ca12e21508af8b7e6bbd747cc95750	95ca1	613537
chr1_100794065_101983457	3	1	0.2	0.5	0.005	main	0.0025	be1b9bb27cf95b7efe030b89a78542fd	be1b9	778681
chr1_100794065_101983457	3	1	0.2	0.5	0.01	main	0.005	f977fcca6457f2ed0984d295b6fe92f4	f977f	1021823
chr1_100794065_101983457	3	1	0.2	0.5	0.02	main	0.01	8e38e99fcbeca27846988da7263a1dda	8e38e	582542
chr1_100794065_101983457	3	1	0.2	0.5	0.04	main	0.02	8bcc1292213337a0865fd9c7bd9ea3ab	8bcc1	572609
chr1_100794065_101983457	3	1	0.2	0.5	0.1	main	0.05	e726bc1a4aa13e1f10d5b4617cd3f3e3	e726b	946795
chr1_100794065_101983457	3	2	0.01	0.5	0.005	main	0.0025	45c7a36fdd6fe9db25d6ccdb31dbbddd	45c7a	285818
chr1_100794065_101983457	3	2	0.01	0.5	0.01	main	0.005	f703ce01566ba63053c6b001fa4cc9c3	f703c	1011772
chr1_100794065_101983457	3	2	0.01	0.5	0.02	main	0.01	e7eb8518de477a1657679641703291dc	e7eb8	949944
chr1_100794065_101983457	3	2	0.01	0.5	0.04	main	0.02	f52ec99c59005be5492303e889ae8f1c	f52ec	1004268
chr1_100794065_101983457	3	2	0.01	0.5	0.1	main	0.05	a893a3f656bea9b14b13c276e274ae42	a893a	690490
chr1_100794065_101983457	3	2	0.05	0.5	0.005	main	0.0025	91e6556e1e24736524fb92354da2870d	91e65	597605
chr1_100794065_101983457	3	2	0.05	0.5	0.01	main	0.005	12952250f71fa8d782b5e8af993f2c40	12952	76114
chr1_100794065_101983457	3	2	0.05	0.5	0.02	main	0.01	1997483b40aa6a04c0237c03d931f614	19974	104820
chr1_100794065_101983457	3	2	0.05	0.5	0.04	main	0.02	f2e17e19197cd37c9fd0fade4c7d60ba	f2e17	994839
chr1_100794065_101983457	3	2	0.05	0.5	0.1	main	0.05	5d37658debef7e3b2d47eb402a5af24e	5d376	381814
chr1_100794065_101983457	3	2	0.1	0.5	0.005	main	0.0025	6f4261f8460a0a02a9042191a15bd385	6f426	455718
chr1_100794065_101983457	3	2	0.1	0.5	0.01	main	0.005	61087605b3b9a0b8cfa51e6d69c90657	61087	397447
chr1_100794065_101983457	3	2	0.1	0.5	0.02	main	0.01	e52e962f793ad01dc5389818f0bae685	e52e9	938729
chr1_100794065_101983457	3	2	0.1	0.5	0.04	main	0.02	ef069b028cdda0188bb57a3f1945edc1	ef069	979049
chr1_100794065_101983457	3	2	0.1	0.5	0.1	main	0.05	a6d253868fdcc7ba5c2c4faf0d55cd03	a6d25	683301
chr1_100794065_101983457	3	2	0.2	0.5	0.005	main	0.0025	27dc571bbac339046968409f2eb6f1fc	27dc5	163269
chr1_100794065_101983457	3	2	0.2	0.5	0.01	main	0.005	3f5a14ae3e4b59d2128a6d6479a27c86	3f5a1	259489
chr1_100794065_101983457	3	2	0.2	0.5	0.02	main	0.01	a1c5836079aed6b5711b14da8832605f	a1c58	662616
chr1_100794065_101983457	3	2	0.2	0.5	0.04	main	0.02	26886d660733fc448c508f2cf10654b7	26886	157830
chr1_100794065_101983457	3	2	0.2	0.5	0.1	main	0.05	f97bfa6b81628a65996a3f3ebc488912	f97bf	1021887
chr1_100794065_101983457	3	3	0.01	0.5	0.005	main	0.0025	43af4b09ecc91001b820326896ee1af4	43af4	277236
chr1_100794065_101983457	3	3	0.01	0.5	0.01	main	0.005	5bf9b0131796eab05f0d2493654c3e05	5bf9b	376731
chr1_100794065_101983457	3	3	0.01	0.5	0.02	main	0.01	ea757f2ec456cd3d9b6e68a295d10f50	ea757	960343
chr1_100794065_101983457	3	3	0.01	0.5	0.04	main	0.02	7f99fd762b21f47540280ef9c0fcce96	7f99f	522655
chr1_100794065_101983457	3	3	0.01	0.5	0.1	main	0.05	36ec08c1c779a64974af31d42b95394e	36ec0	224960
chr1_100794065_101983457	3	3	0.05	0.5	0.005	main	0.0025	bb2f070d575507f9b3aa951835ca7959	bb2f0	766704
chr1_100794065_101983457	3	3	0.05	0.5	0.01	main	0.005	da7b20790c0f7a269affb21751089189	da7b2	894898
chr1_100794065_101983457	3	3	0.05	0.5	0.02	main	0.01	aafac0145e5447a54273c03a84e0ee30	aafac	700332
chr1_100794065_101983457	3	3	0.05	0.5	0.04	main	0.02	fe9f8fe98be7888f76f4837d8b716c90	fe9f8	1042936
chr1_100794065_101983457	3	3	0.05	0.5	0.1	main	0.05	346224755cf54438176ca2043eff7d54	34622	214562
chr1_100794065_101983457	3	3	0.1	0.5	0.005	main	0.0025	363ec14bfb8eb236fa3c6de13d74703b	363ec	222188
chr1_100794065_101983457	3	3	0.1	0.5	0.01	main	0.005	c7bd8f1a34b29872a44b5d5df0265149	c7bd8	818136
chr1_100794065_101983457	3	3	0.1	0.5	0.02	main	0.01	4e9b45a5b35e16cd33cc429d8fc1bf48	4e9b4	321972
chr1_100794065_101983457	3	3	0.1	0.5	0.04	main	0.02	abc4812950d20a07c50aaef6ad6533ba	abc48	703560
chr1_100794065_101983457	3	3	0.1	0.5	0.1	main	0.05	a69da05677989fc7c0a1f7542200a7de	a69da	682458
chr1_100794065_101983457	3	3	0.2	0.5	0.005	main	0.0025	52a9504ecd178ba39290297309124337	52a95	338581
chr1_100794065_101983457	3	3	0.2	0.5	0.01	main	0.005	f4a976e8a745bd60c12297e58007ece6	f4a97	1002135
chr1_100794065_101983457	3	3	0.2	0.5	0.02	main	0.01	1b8d3f160052356d10e8b7c6efeca584	1b8d3	112851
chr1_100794065_101983457	3	3	0.2	0.5	0.04	main	0.02	84d0afd61df6bcf0b080027471f45320	84d0a	544010
chr1_100794065_101983457	3	3	0.2	0.5	0.1	main	0.05	93a0bf1188f6a0a4230c947d712c8a61	93a0b	604683
chr1_100794065_101983457	4	1	0.01	0.5	0.005	main	0.0025	c3dcf1fbe6010c4678f9bb85c669e23b	c3dcf	802255
chr1_100794065_101983457	4	1	0.01	0.5	0.01	main	0.005	91041eb3067805dadad2870efddd3fc9	91041	593985
chr1_100794065_101983457	4	1	0.01	0.5	0.02	main	0.01	0e3560cd11bba789bfe83470c496997b	0e356	58198
chr1_100794065_101983457	4	1	0.01	0.5	0.04	main	0.02	5196e71eb7ae0032c0ec4df5e8c9b173	5196e	334190
chr1_100794065_101983457	4	1	0.01	0.5	0.1	main	0.05	18fd3ab02032354d88b65614c248c2f3	18fd3	102355
chr1_100794065_101983457	4	1	0.05	0.5	0.005	main	0.0025	8f36a8b8a2d6947cb372d8f1a3274f0f	8f36a	586602
chr1_100794065_101983457	4	1	0.05	0.5	0.01	main	0.005	ae82bc4905ed104dce05a5458213f4d4	ae82b	714795
chr1_100794065_101983457	4	1	0.05	0.5	0.02	main	0.01	d8b5bc945f1e96a03e08be9cc80130c3	d8b5b	887643
chr1_100794065_101983457	4	1	0.05	0.5	0.04	main	0.02	476ad4cc0f3aecf0cbc0259586992237	476ad	292525
chr1_100794065_101983457	4	1	0.05	0.5	0.1	main	0.05	3e66137c6aa009c6e29ccb35886119a7	3e661	255585
chr1_100794065_101983457	4	1	0.1	0.5	0.005	main	0.0025	c4ceedb9922d5f17589daed9319558ad	c4cee	806126
chr1_100794065_101983457	4	1	0.1	0.5	0.01	main	0.005	c11b1824824ad0d007876f2d3291ca93	c11b1	790961
chr1_100794065_101983457	4	1	0.1	0.5	0.02	main	0.01	98b265d56acb618346daad17dc7e4717	98b26	625446
chr1_100794065_101983457	4	1	0.1	0.5	0.04	main	0.02	f9512762930b94e08a25b58101e94900	f9512	1021202
chr1_100794065_101983457	4	1	0.1	0.5	0.1	main	0.05	b0c730ccdbc15dad9fb1e1226b945505	b0c73	724083
chr1_100794065_101983457	4	1	0.2	0.5	0.005	main	0.0025	b2e847008fc9119f00a95c005c994290	b2e84	732804
chr1_100794065_101983457	4	1	0.2	0.5	0.01	main	0.005	b066717156936572956a3302352194d4	b0667	722535
chr1_100794065_101983457	4	1	0.2	0.5	0.02	main	0.01	5902d8a2971841f67a627d9cb0d59fb6	5902d	364589
chr1_100794065_101983457	4	1	0.2	0.5	0.04	main	0.02	a3bc1c8f05bb8fbc2c54ed23eb550b26	a3bc1	670657
chr1_100794065_101983457	4	1	0.2	0.5	0.1	main	0.05	5fc2603e0ccbbaa9552308a51b2ba870	5fc26	392230
chr1_100794065_101983457	4	2	0.01	0.5	0.005	main	0.0025	7ec4e518b1fda81612a17a3c11675555	7ec4e	519246
chr1_100794065_101983457	4	2	0.01	0.5	0.01	main	0.005	4db536ed9cdbb472e559522e7057f52a	4db53	318291
chr1_100794065_101983457	4	2	0.01	0.5	0.02	main	0.01	1d890879e1826c1cfea6d38fb9817eee	1d890	120976
chr1_100794065_101983457	4	2	0.01	0.5	0.04	main	0.02	8e5785eccc14c99d06b7429b4c2090cd	8e578	583032
chr1_100794065_101983457	4	2	0.01	0.5	0.1	main	0.05	1f2a818b6d20fb0d3ac4ead72d770a32	1f2a8	127656
chr1_100794065_101983457	4	2	0.05	0.5	0.005	main	0.0025	38750c56b22c061e5e51134736eeb3ec	38750	231248
chr1_100794065_101983457	4	2	0.05	0.5	0.01	main	0.005	8bab390fca2cdb559cce8828f7acd29e	8bab3	572083
chr1_100794065_101983457	4	2	0.05	0.5	0.02	main	0.01	7ca12daabf189fbc51425fb02bb3ffa3	7ca12	510482
chr1_100794065_101983457	4	2	0.05	0.5	0.04	main	0.02	c1ae4ac5b7ccd9a2b8eab18fe2cf56da	c1ae4	793316
chr1_100794065_101983457	4	2	0.05	0.5	0.1	main	0.05	431ebc6d8f3861b6f560d26d456e472e	431eb	274923
chr1_100794065_101983457	4	2	0.1	0.5	0.005	main	0.0025	03b47e4e76b7b1c440ddc2e52764235d	03b47	15175
chr1_100794065_101983457	4	2	0.1	0.5	0.01	main	0.005	55b4f2c4223b54f72a4b525e6f23dccc	55b4f	351055
chr1_100794065_101983457	4	2	0.1	0.5	0.02	main	0.01	516a716df7dda2362c8a492560dba6c5	516a7	333479
chr1_100794065_101983457	4	2	0.1	0.5	0.04	main	0.02	6544604f55ddbf4ba1063014269cd9db	65446	414790
chr1_100794065_101983457	4	2	0.1	0.5	0.1	main	0.05	6aed462e6ecaa5d04ccf7a5563cfca76	6aed4	437972
chr1_100794065_101983457	4	2	0.2	0.5	0.005	main	0.0025	f107daaf701f53dc094e864c26a9ef93	f107d	987261
chr1_100794065_101983457	4	2	0.2	0.5	0.01	main	0.005	7d44a1503981edaa661ccabe10bd2e2b	7d44a	513098
chr1_100794065_101983457	4	2	0.2	0.5	0.02	main	0.01	52ba76e40777ece999e317d1b01418e9	52ba7	338855
chr1_100794065_101983457	4	2	0.2	0.5	0.04	main	0.02	32c66da19d1286db8fc057c296c16d9b	32c66	207974
chr1_100794065_101983457	4	2	0.2	0.5	0.1	main	0.05	13ba6de76a7cbb200a9fb452ded918d2	13ba6	80806
chr1_100794065_101983457	4	3	0.01	0.5	0.005	main	0.0025	5ca8de09f06bf4e77d9927b4bbdc1cfd	5ca8d	379533
chr1_100794065_101983457	4	3	0.01	0.5	0.01	main	0.005	5fe4b964c64bc91f5729872c6304c850	5fe4b	392779
chr1_100794065_101983457	4	3	0.01	0.5	0.02	main	0.01	d1ae557cb9314f278d12c16779758d54	d1ae5	858853
chr1_100794065_101983457	4	3	0.01	0.5	0.04	main	0.02	4a2d139b764d67a8606c3ee3b1c8615f	4a2d1	303825
chr1_100794065_101983457	4	3	0.01	0.5	0.1	main	0.05	24970cf349bc188c1bf1387c9c901b2a	24970	149872
chr1_100794065_101983457	4	3	0.05	0.5	0.005	main	0.0025	270f6ca0ed5c2ef59e474a849120056e	270f6	159990
chr1_100794065_101983457	4	3	0.05	0.5	0.01	main	0.005	6fc56c98c4050adae08e7484297e095c	6fc56	457814
chr1_100794065_101983457	4	3	0.05	0.5	0.02	main	0.01	8bf11d7fc0465d1eb74a9686e1c13cd5	8bf11	573201
chr1_100794065_101983457	4	3	0.05	0.5	0.04	main	0.02	9583af1ccbbde83a83ef33b0b912e4d6	9583a	612410
chr1_100794065_101983457	4	3	0.05	0.5	0.1	main	0.05	ef12caf37e1825b98838c5e63e7cec7b	ef12c	979244
chr1_100794065_101983457	4	3	0.1	0.5	0.005	main	0.0025	b030d94b988a668a30ee554ad7e980db	b030d	721677
chr1_100794065_101983457	4	3	0.1	0.5	0.01	main	0.005	544b96848a28dff150f4369a18468d5d	544b9	345273
chr1_100794065_101983457	4	3	0.1	0.5	0.02	main	0.01	b8f7669065c0342baa56107af9bf6758	b8f76	757622
chr1_100794065_101983457	4	3	0.1	0.5	0.04	main	0.02	ec91731698248620ec777a01f66e813e	ec917	968983
chr1_100794065_101983457	4	3	0.1	0.5	0.1	main	0.05	9f74e7dd27f8d3f80d95d948ac93be80	9f74e	653134
chr1_100794065_101983457	4	3	0.2	0.5	0.005	main	0.0025	74b39fe13fe328c86f4985da84b46c1d	74b39	478009
chr1_100794065_101983457	4	3	0.2	0.5	0.01	main	0.005	7f1d806b138e6fd3ea033d3b5d7d6fcd	7f1d8	520664
chr1_100794065_101983457	4	3	0.2	0.5	0.02	main	0.01	169ecd7dbed79f28236ba058bc078cdc	169ec	92652
chr1_100794065_101983457	4	3	0.2	0.5	0.04	main	0.02	35eb3dec8d1b210c0029a3b376a1eea4	35eb3	220851
chr1_100794065_101983457	4	3	0.2	0.5	0.1	main	0.05	d5c94f15b0cd6b09a2e1256d36569d32	d5c94	875668
chr1_100794065_101983457	5	1	0.01	0.5	0.005	main	0.0025	4b587551e9fd5a6b43c09e870a2eb268	4b587	308615
chr1_100794065_101983457	5	1	0.01	0.5	0.01	main	0.005	a733d82b569cb3abffd9b73036b0cbfc	a733d	684861
chr1_100794065_101983457	5	1	0.01	0.5	0.02	main	0.01	7bee8bbf5af5c9b6306295b46cc72bbf	7bee8	507624
chr1_100794065_101983457	5	1	0.01	0.5	0.04	main	0.02	4eb2a23517d258e21f5a433bcf89d4bd	4eb2a	322346
chr1_100794065_101983457	5	1	0.01	0.5	0.1	main	0.05	8264d8fed6cd136af5b9db2c80e4605a	8264d	534093
chr1_100794065_101983457	5	1	0.05	0.5	0.005	main	0.0025	59a08ade60c30492650865e0e22e9f23	59a08	367112
chr1_100794065_101983457	5	1	0.05	0.5	0.01	main	0.005	a7fcd42320823770620f94c50d60b16d	a7fcd	688077
chr1_100794065_101983457	5	1	0.05	0.5	0.02	main	0.01	d5b3d4b3e7786dfd4b3572d71dd0bd9f	d5b3d	875325
chr1_100794065_101983457	5	1	0.05	0.5	0.04	main	0.02	928a8341a3fcf12ee01500b6c93584ed	928a8	600232
chr1_100794065_101983457	5	1	0.05	0.5	0.1	main	0.05	f2c96f4dce2a58b86be92660cd57a0e3	f2c96	994454
chr1_100794065_101983457	5	1	0.1	0.5	0.005	main	0.0025	2aa88149afddc7d6bff81fb0db17231d	2aa88	174728
chr1_100794065_101983457	5	1	0.1	0.5	0.01	main	0.005	00279a02c9404ddeaf8d89ab78a0b80d	00279	633
chr1_100794065_101983457	5	1	0.1	0.5	0.02	main	0.01	1bb97c09925d0f807914ad617e8855d2	1bb97	113559
chr1_100794065_101983457	5	1	0.1	0.5	0.04	main	0.02	317e682f9a5e11d430a077f44fd25388	317e6	202726
chr1_100794065_101983457	5	1	0.1	0.5	0.1	main	0.05	5a596e464544ff15f61fd044a6b1b7eb	5a596	370070
chr1_100794065_101983457	5	1	0.2	0.5	0.005	main	0.0025	0376f5478c8c0c0bec8d2807aaae87ae	0376f	14191
chr1_100794065_101983457	5	1	0.2	0.5	0.01	main	0.005	6cdadd73f782b63d411fd813008c0bd4	6cdad	445869
chr1_100794065_101983457	5	1	0.2	0.5	0.02	main	0.01	8123e24cfa632517859e4e45b5de3619	8123e	528958
chr1_100794065_101983457	5	1	0.2	0.5	0.04	main	0.02	fabd4dcdf98e71f7d5f7e788662cdece	fabd4	1027028
chr1_100794065_101983457	5	1	0.2	0.5	0.1	main	0.05	ad1b7369559f28ef80e928a26f59dfaa	ad1b7	709047
chr1_100794065_101983457	5	2	0.01	0.5	0.005	main	0.0025	318a1006927c8bb1acf375b291f232d1	318a1	202913
chr1_100794065_101983457	5	2	0.01	0.5	0.01	main	0.005	926d674f6f9a005ba413a2b457f64470	926d6	599766
chr1_100794065_101983457	5	2	0.01	0.5	0.02	main	0.01	dbaecfaaa31726ca9552f262868998d6	dbaec	899820
chr1_100794065_101983457	5	2	0.01	0.5	0.04	main	0.02	23dff11aaebe6a5fcbf3a1fadc085167	23dff	146943
chr1_100794065_101983457	5	2	0.01	0.5	0.1	main	0.05	193855b471f3a1d1e3a4063d264af5b6	19385	103301
chr1_100794065_101983457	5	2	0.05	0.5	0.005	main	0.0025	fba148110368a2328e58b8cfbe443dda	fba14	1030676
chr1_100794065_101983457	5	2	0.05	0.5	0.01	main	0.005	fbe2ee8e398bf2c273d769a5b4767c3d	fbe2e	1031726
chr1_100794065_101983457	5	2	0.05	0.5	0.02	main	0.01	43fe256e316794b6ff28b97c8976b940	43fe2	278498
chr1_100794065_101983457	5	2	0.05	0.5	0.04	main	0.02	a4917436ad28d3b437687e8fda9af87c	a4917	674071
chr1_100794065_101983457	5	2	0.05	0.5	0.1	main	0.05	e25a1968ec6a31cf30f03deb99b54353	e25a1	927137
chr1_100794065_101983457	5	2	0.1	0.5	0.005	main	0.0025	3e4dc7cbd95bbf035ab15f070d7c62b0	3e4dc	255196
chr1_100794065_101983457	5	2	0.1	0.5	0.01	main	0.005	e60254c4732f0f96be2c1ecb0fd4fb86	e6025	942117
chr1_100794065_101983457	5	2	0.1	0.5	0.02	main	0.01	dc6fc1b4b2332b6a4ea4dfc04cf56014	dc6fc	902908
chr1_100794065_101983457	5	2	0.1	0.5	0.04	main	0.02	75233a38a9b6fc04d18a6abd74baee38	75233	479795
chr1_100794065_101983457	5	2	0.1	0.5	0.1	main	0.05	a9fb42174908a4d80452857f06829650	a9fb4	696244
chr1_100794065_101983457	5	2	0.2	0.5	0.005	main	0.0025	4711313e1d168e1040979beb06586e42	47113	291091
chr1_100794065_101983457	5	2	0.2	0.5	0.01	main	0.005	941cb6414f2fe25a1e997db327dafb4f	941cb	606667
chr1_100794065_101983457	5	2	0.2	0.5	0.02	main	0.01	bf58145dc2fd48e007bd2fda6e0e130d	bf581	783745
chr1_100794065_101983457	5	2	0.2	0.5	0.04	main	0.02	90e6784d0d4c978bf0b0621fb1f3f066	90e67	593511
chr1_100794065_101983457	5	2	0.2	0.5	0.1	main	0.05	68d60e580a9c4d4860aceeca98e523db	68d60	429408
chr1_100794065_101983457	5	3	0.01	0.5	0.005	main	0.0025	cd793b89e6f97684a0920e228c9c1a16	cd793	841619
chr1_100794065_101983457	5	3	0.01	0.5	0.01	main	0.005	10b0ae4d7e4a014367aa296077baa77d	10b0a	68362
chr1_100794065_101983457	5	3	0.01	0.5	0.02	main	0.01	1cc053d723b54079d34a4790bdf8f6aa	1cc05	117765
chr1_100794065_101983457	5	3	0.01	0.5	0.04	main	0.02	d2c336516a913601a3dd68d8c714f9b8	d2c33	863283
chr1_100794065_101983457	5	3	0.01	0.5	0.1	main	0.05	68136d9c17d07b835b8b670292190071	68136	426294
chr1_100794065_101983457	5	3	0.05	0.5	0.005	main	0.0025	6cd4bd3f5065fc484ce028cf5dc1490d	6cd4b	445771
chr1_100794065_101983457	5	3	0.05	0.5	0.01	main	0.005	abaedb5dfd70156833845e7c6e2b55eb	abaed	703213
chr1_100794065_101983457	5	3	0.05	0.5	0.02	main	0.01	224da32aa611015877ce3f863b28d010	224da	140506
chr1_100794065_101983457	5	3	0.05	0.5	0.04	main	0.02	a8451577316513314cf0df7ad6e1c71a	a8451	689233
chr1_100794065_101983457	5	3	0.05	0.5	0.1	main	0.05	dd2f666a06fce5f6840eae6261740f9b	dd2f6	905974
chr1_100794065_101983457	5	3	0.1	0.5	0.005	main	0.0025	58c114db7df4b02f17b7b1fe0bba8574	58c11	363537
chr1_100794065_101983457	5	3	0.1	0.5	0.01	main	0.005	cb411c5e92482b68c6de8185d38577df	cb411	832529
chr1_100794065_101983457	5	3	0.1	0.5	0.02	main	0.01	66e3f65e9c9bc606f4c40d52427abb98	66e3f	421439
chr1_100794065_101983457	5	3	0.1	0.5	0.04	main	0.02	9f61f12f8327fe5c84668bc7fe6c3d62	9f61f	652831
chr1_100794065_101983457	5	3	0.1	0.5	0.1	main	0.05	c3a62b7d909c78f2faaf157f3b36c849	c3a62	801378
chr1_100794065_101983457	5	3	0.2	0.5	0.005	main	0.0025	2d6df92631d598ae155c12811ce6e0e0	2d6df	186079
chr1_100794065_101983457	5	3	0.2	0.5	0.01	main	0.005	0351b19dc38da6a63bad94fdaac93db0	0351b	13595
chr1_100794065_101983457	5	3	0.2	0.5	0.02	main	0.01	efdbe7504a4ba0b3ac16a3c73275f087	efdbe	982462
chr1_100794065_101983457	5	3	0.2	0.5	0.04	main	0.02	2aa50d59172903959cb1bb74329ebc65	2aa50	174672
chr1_100794065_101983457	5	3	0.2	0.5	0.1	main	0.05	d04513648c11619c45152c13c1961f29	d0451	853073
